F0-Autocorrelação;F0-FFT;F1-FFT;F2-FFT;F3-FFT;F4-FFT;E0-FFT;E1-FFT;E2-FFT;E3-FFT;E4-FFT
113,8115;107;338;461;515;566;292,32003;188,55682;99,751597;63,268443;60,675591
114,35378;229;448;734;831;971;485,94087;130,89409;59,227873;36,633494;30,940837
123,87097;130;242;356;607;692;1394,521;572,0555;150,22993;122,29404;56,988199
111,04685;116;210;319;431;481;251,20462;143,6104;53,727197;34,271725;24,355125
109,09091;109;218;328;437;545;328,58826;260,07167;111,6895;68,383178;30,300104
126,81638;127;258;488;632;763;373,02384;347,1702;111,66407;64,111552;44,786854
129,38005;130;234;327;462;546;386,54296;195,11213;115,817;115,10012;98,45293
126,64908;132;249;421;475;598;573,16655;355,80453;88,948401;72,634637;53,959748
118,15385;119;212;352;425;631;787,71212;307,62105;161,31358;124,38698;84,316087
111,88811;111;222;442;562;754;560,71908;240,58231;167,60149;82,165005;56,925578
108,65874;113;213;338;428;541;617,63739;351,81554;149,49279;139,13846;62,237531
115,59302;116;233;318;430;517;548,345;226,04449;92,457706;66,38292;61,418094
115,10791;119;230;341;441;575;818,68459;391,40258;126,94459;68,647618;55,99333
110,98266;219;332;439;550;631;342,69992;128,47839;97,008218;57,390034;39,563082
100,62893;201;302;403;619;709;487,03599;190,42248;159,33813;62,767984;47,170045
118,2266;125;231;335;391;580;492,26562;349,07848;111,02173;65,835966;37,888096
109,52653;218;326;434;532;750;387,49199;145,86068;141,64026;32,660327;28,478937
111,69284;225;309;432;549;648;382,50114;84,942052;75,081946;53,218847;31,42888
108,84354;217;326;435;762;878;377,55326;127,27798;94,126297;52,787188;26,016043
112,41218;223;332;457;571;672;317,02074;68,083549;35,319618;30,388946;18,307073
126,64908;121;255;312;393;496;739,21965;198,48858;124,64581;115,20743;45,501506
116,15245;124;219;333;406;547;632,95084;383,12576;130,68204;86,285103;62,144353
107,20268;214;323;426;641;735;554,80262;193,26314;177,25958;116,35053;65,952995
116,93057;237;476;536;591;769;408,49241;174,06048;102,28313;60,82443;52,26181
118,15385;122;246;345;583;716;633,44357;214,5707;154,97337;86,828309;38,569106
122,68371;131;238;457;507;569;764,65785;269,14032;96,017834;61,14665;59,053077
124,11118;122;249;368;494;616;540,90592;166,54512;115,2383;56,399609;36,337501
120,83071;132;236;331;566;674;353,23131;223,95455;89,702663;55,197023;25,469668
106,54828;114;247;414;514;685;381,22001;191,90009;150,32697;61,016257;32,0409
117,86372;113;240;345;500;611;792,31823;287,50908;168,64632;114,21465;91,141491
103,22581;206;310;515;724;811;255,22329;75,687511;31,565842;18,969132;10,993592
110,91854;217;343;448;511;563;308,83569;120,52046;118,87452;57,4714;51,70841
119,62617;119;242;325;498;588;245,59956;227,34329;68,426156;48,185183;31,313388
112,01867;224;334;446;521;610;593,10464;261,77591;137,62355;56,572678;51,360852
119,03286;127;217;345;419;478;497,89322;245,72698;120,69405;67,738992;64,765719
117,86372;126;225;379;448;568;476,49424;258,86523;78,002543;48,682903;36,267294
95,522388;94;193;281;358;416;579,82328;391,5872;139,55;93,926056;88,049867
120,83071;242;348;471;727;851;376,52199;119,06064;89,13145;55,668399;39,441439
99,071207;105;196;297;498;588;493,92621;222,99285;174,07148;113,72051;51,615989
102,07337;103;207;310;383;483;403,54198;239,84119;123,91796;107,61981;83,154251
125,24462;103;239;308;394;658;351,5483;161,09083;76,795213;68,137768;55,759028
109,71429;102;216;443;505;615;471,8556;370,27513;134,32977;70,967926;37,729793
119,70075;127;240;368;451;606;904,46367;506,90883;186,05218;94,528454;93,748975
124,83745;125;252;377;627;728;706,83718;247,18737;109,77589;56,727874;34,627934
121,75016;119;222;272;332;390;377,25832;285,06736;124,67337;119,59415;77,24672
108,04727;106;215;321;435;543;486,541;181,51799;88,577403;80,333741;33,560276
106,31229;212;425;630;732;847;1153,2952;395,96085;110,20611;64,097498;36,736321
106,72596;212;311;423;588;769;535,06394;116,07066;99,871175;47,595136;36,586121
107,44264;212;342;421;517;629;452,09393;130,59356;78,98345;53,257729;42,323198
107,74411;111;207;350;455;566;442,41414;273,23914;88,314936;67,662067;50,413204
106,37119;212;325;430;534;626;604,49212;154,21285;84,877042;72,854658;51,641857
113,67673;113;228;477;539;608;463,74736;324,21165;145,66059;92,72224;50,890472
104,40457;209;301;409;519;744;768,83229;201,21795;126,10107;124,4152;85,88226
105,49451;106;211;316;527;633;921,02222;657,6279;273,69226;121,46157;91,41522
113,94659;119;225;281;366;535;342,39541;156,86026;63,537415;62,063035;51,112054
112,01867;99;228;341;430;508;379,62209;272,62753;116,88908;72,998782;50,05083
118,81188;120;243;353;470;589;716,84339;164,57805;79,504827;45,132269;31,89473
97,859327;97;192;477;575;676;541,4414;313,87681;99,542904;53,52167;31,355162
128;123;246;373;449;625;409,5044;145,37062;86,813245;70,895993;52,282919
117,43119;119;239;346;463;575;449,20421;239,0086;131,02153;88,392768;58,595316
109,09091;109;218;327;447;546;987,81717;641,41026;233,27375;111,99875;66,65705
27428,571;60;121;36038;36441;36670;6,5065536;5,6442069;5,1385757;3,7861897;2,9784621
51,295752;142;206;258;483;854;78,170296;72,262674;43,849118;20,849177;11,829503
109,71429;113;219;547;597;660;293,54655;155,32597;78,37332;28,04494;27,085208
124,35233;115;165;288;358;462;207,43628;94,45087;59,775922;37,990814;20,13918
121,44213;115;270;426;476;36139;36,851847;12,719398;6,6519569;4,6992876;4,6560582
31,909589;156;228;281;331;420;45,733133;28,82624;26,533664;14,33449;12,550573
99,32747;101;197;497;600;779;282,54584;136,84651;59,663342;35,140069;23,209838
106,72596;91;215;531;643;763;229,71412;214,50985;44,856659;26,321213;17,207813
121,82741;120;231;298;388;703;253,48944;104,2212;62,786521;53,187613;32,532133
113,67673;118;231;317;445;652;198,19225;83,104922;43,078771;29,315717;20,902257
114,14982;226;281;348;471;609;107,2392;23,86188;20,780879;17,695634;12,799023
74,708171;69;146;299;36107;36863;27,114605;20,103906;6,7150404;4,9359702;4,1091167
141,90687;139;268;321;424;557;238,48552;37,983459;23,91611;12,225113;9,9808791
92,485549;95;164;229;363;573;227,7479;116,4465;66,122613;46,149888;33,729188
122,52712;105;155;205;255;555;128,80768;99,561971;48,958709;36,675536;29,660641
111,17545;107;227;438;550;694;178,00099;116,36482;47,432956;33,008085;27,316618
115,10791;118;242;433;36055;36187;29,433397;7,9057373;6,654538;5,3961352;3,6819443
116,78832;117;238;451;577;692;204,71417;88,053271;30,818268;26,96637;17,790302
103,33692;98;148;35909;36082;36321;65,077914;11,277156;6,5960703;5,9179078;4,888241
125,4902;128;223;286;336;455;273,02643;107,04087;58,866993;45,812351;39,674238
55,732946;113;222;272;372;448;262,34589;148,29735;44,40636;36,959676;32,776103
125,81913;114;178;262;399;514;286,37495;126,41786;77,4647;69,029927;30,024634
113,94659;231;350;463;541;686;287,4699;112,72292;78,749822;26,361735;23,690144
118,81188;127;245;363;463;588;145,13474;106,94203;73,528741;73,016053;58,843635
106,96379;106;211;317;420;532;537,64047;359,5992;190,38575;52,938304;49,425482
127,23658;124;243;388;633;754;125,50322;36,430368;19,744569;16,62209;13,1737
131,23718;135;266;392;526;759;247,5973;56,343516;51,004503;31,92063;28,616031
116,08222;116;233;345;459;583;323,15451;227,03691;83,335542;61,113458;58,433367
121,36536;120;227;383;461;535;268,65326;77,470299;59,061384;46,519119;23,96518
50,632911;105;155;205;255;345;40,277252;33,417618;21,333655;18,043148;8,147776
102,83878;108;179;308;464;591;256,00823;64,951669;51,792352;27,914567;18,019689
126,06697;134;254;375;483;734;215,33967;90,767535;59,83139;47,747133;24,553967
96,048024;91;230;377;523;649;235,82997;101,1477;59,635645;24,347848;20,529474
62,135922;131;254;305;355;405;31,686587;28,30505;21,186708;15,615094;15,273655
105,66868;98;148;271;321;619;221,03358;77,721723;64,076199;61,214345;26,838988
128,9456;134;260;634;769;897;254,67127;98,583021;75,464732;30,921259;22,198765
113,54228;229;348;446;565;660;157,7371;69,984108;27,975565;26,669492;16,454788
116,8594;117;235;288;350;400;65,091892;24,995472;11,419797;11,234122;9,9311889
130,52345;124;174;298;35810;36064;28,21862;8,750977;7,8599555;5,6905561;4,1017644
111,36891;105;155;205;300;35687;37,45068;26,265407;13,096665;6,5374602;5,2417877
106,43016;98;148;198;248;302;33,727411;24,448353;18,855152;12,981724;10,781618
98,209719;109;159;209;259;309;26,4617;20,539678;14,864343;11,242004;8,1389724
98,360656;94;145;195;245;301;31,821712;24,753135;17,774765;9,5835571;9,0026855
122,44898;109;164;247;363;485;186,38984;115,42222;93,393494;75,781166;48,488314
129,99323;134;264;420;514;659;101,70431;39,24504;20,099565;17,419206;11,639594
122,21515;122;245;35416;35912;36118;21,39292;9,4844867;5,6773483;5,2886099;4,7113796
57,262153;110;232;304;460;570;187,69603;168,01706;99,088763;68,762585;63,025811
115,73237;109;191;381;432;513;316,97539;86,935256;80,818811;49,062066;39,101261
114,97006;113;223;273;35865;35920;23,632041;18,454491;4,6146799;3,9791728;3,7570422
136,6548;132;255;426;570;832;210,50659;73,310405;49,227216;35,765728;23,147488
122,44898;136;231;350;431;481;362,91111;142,09422;67,294067;53,5564;49,767871
132,68832;129;269;396;536;679;353,27283;215,84036;106,39938;55,852287;46,129455
127,91472;131;254;387;454;504;258,007;134,04496;100,28213;42,098632;35,182494
104,63215;102;152;35666;36232;36422;38,598241;5,2069093;4,9542435;4,784187;3,0666394
135,97734;122;296;428;35800;35862;20,585329;15,503476;7,2767181;5,0899927;4,6852422
136,75214;130;232;340;399;624;368,78413;151,19776;59,789946;49,591178;48,673797
124,67532;127;229;379;35701;35962;25,108344;12,447097;7,8734444;6,4302662;6,0233573
90,995261;92;142;232;35753;36169;30,401862;16,175501;6,8982281;5,5653178;4,5968961
109,46408;222;330;433;664;757;218,31973;109,28106;59,081896;39,404566;36,611406
114,90126;127;218;444;566;879;56,191919;39,865567;16,765547;11,833996;7,6855504
106,37119;102;216;316;430;536;194,05968;147,22484;67,729513;60,299103;23,646009
145,45455;146;261;324;473;586;121,40126;33,796726;33,664461;22,667811;17,939132
126,56559;119;233;359;523;601;116,2436;29,307044;17,698116;12,616851;8,4113146
106,78532;116;211;324;429;636;439,25987;342,46316;159,69721;102,23674;65,316055
115,03895;118;239;457;569;1012;101,87664;60,803933;45,724904;17,244206;10,027814
84,507042;79;129;185;235;36300;172,20725;37,859428;25,425202;9,9596733;4,8563558
121,21212;242;479;588;716;812;187,30831;62,47347;25,40159;17,781093;17,545125
118,7384;111;237;392;609;832;211,85444;146,1393;76,418333;46,160962;25,068352
112,2807;111;222;347;456;572;177,39435;82,551153;32,854302;29,160804;23,592673
105,90182;97;210;302;386;492;31,507627;24,360825;15,001774;8,817229;6,3856241
113,40815;111;226;333;437;502;333,52664;201,49242;119,78502;78,976716;43,49626
126,48221;123;247;302;421;618;46,761402;32,785977;10,633275;6,7861065;6,3219652
119,55168;127;245;336;455;35898;34,000144;17,92624;9,3079512;8,0175953;4,3748673
112,94118;103;225;445;567;780;267,11178;247,81557;106,92319;39,246023;32,961026
108,22999;109;219;434;762;973;174,38435;79,633044;18,993591;13,506706;6,4756546
130,43478;128;247;297;370;483;578,90695;161,38554;77,415586;70,945041;54,704378
106,19469;212;320;371;734;839;349,80341;121,93603;44,161498;31,261019;23,138082
160,401;136;335;385;35816;36047;23,699985;12,460215;6,0934719;5,6558703;4,1504521
111,43355;110;216;460;512;616;508,99907;83,5028;61,548207;40,18258;39,076474
155,08885;116;177;36061;36507;36628;8,9773294;7,0110288;4,9073607;3,8871322;3,1006935
105,84344;108;221;332;383;35916;34,331479;12,657436;10,316997;8,3202931;5,4936346
110,59908;220;447;650;778;923;118,50699;96,758077;33,241453;23,544442;12,367512
114,14982;241;342;557;36484;36992;22,461662;13,638588;6,869768;4,7149876;3,2600922
120,9068;118;235;367;481;36093;76,941799;26,57173;17,572567;7,875027;7,0107944
104,34783;206;417;524;630;736;103,56197;53,603758;41,480742;28,176524;15,696971
128,17089;131;217;366;509;599;265,70534;58,389645;53,068431;31,40649;19,510397
115,454;117;230;344;414;582;198,98459;126,51819;56,512513;37,363786;32,969766
110,28145;220;441;491;769;819;334,06689;126,63713;45,373225;38,205294;17,261732
106,96379;98;149;224;290;397;231,89509;159,38434;78,378246;67,360986;24,059881
111,88811;118;440;553;635;685;225,82044;82,189121;79,512027;31,558161;24,880201
112,74222;111;334;457;676;35579;151,20272;40,877318;22,538456;11,92496;6,3457229
59,831723;118;239;357;477;540;353,55515;333,39271;110,70334;92,110738;46,268721
117,79141;114;229;473;590;36198;37,12819;18,131483;13,876485;10,418315;6,2083995
136,26686;136;251;338;398;642;232,81953;40,814841;22,768471;13,15777;11,309869
128,9456;134;224;466;627;36138;47,295601;25,621411;11,966404;7,2181685;5,0934948
113,54228;229;330;450;538;680;238,57557;52,021073;42,498147;20,05552;20,01325
106,72596;212;320;423;539;628;354,81155;77,014178;52,403388;50,928613;23,493119
31,244915;152;254;314;371;452;182,217;141,11744;90,73416;90,553221;68,718396
117,1446;236;345;457;723;815;130,36434;64,817719;33,845035;23,366561;19,494917
99,32747;102;198;400;661;789;504,46183;308,55647;121,00652;44,39283;27,285018
110,53541;107;157;211;641;770;196,8666;47,526003;44,952159;14,42032;5,3871484
113,8115;124;221;442;544;654;301,21031;176,03661;52,24377;19,678689;17,903312
113,67673;117;210;324;446;557;235,10072;89,180757;86,07262;54,87307;51,619188
97,116844;96;180;382;473;668;66,294722;34,329757;13,185566;7,2556752;5,219704
115,10791;120;225;332;582;663;245,2924;154,55888;92,36657;75,142801;28,328759
115,454;119;198;578;694;1036;231,59067;110,63298;65,176979;15,868998;12,54743
103,67171;205;315;419;733;936;295,03935;103,54173;88,990409;26,002896;9,0219653
109,15293;219;327;538;870;989;472,59487;163,75498;36,308096;20,970071;13,46177
118,29945;95;145;277;348;597;132,56425;69,31034;63,772072;36,150141;27,767031
123,63168;126;239;507;693;743;345,72751;95,311031;63,479481;52,267503;26,497448
121,90476;123;234;305;369;492;205,95148;103,06561;47,261619;36,538699;23,428549
123,47267;129;244;375;517;774;520,12293;104,40074;87,108351;64,577108;35,57824
131,50685;118;267;406;509;634;62,459932;60,043272;25,907862;20,508922;13,308312
107,86517;113;173;235;406;507;381,50774;82,638126;63,454995;54,458312;37,92422
118,7384;128;213;359;710;786;324,29018;150,24298;109,99416;93,299022;46,024589
114,69534;230;347;454;806;913;497,06149;146,77792;44,885249;43,548609;21,785826
122,84069;245;414;471;521;651;543,7552;89,959963;75,529551;61,893647;50,892073
107,9258;217;288;399;555;662;284,01018;79,013051;60,517942;47,57807;40,722214
102,6738;207;305;464;524;620;396,56868;116,38393;44,892944;37,615489;21,343786
122,44898;122;241;361;426;564;165,56766;54,410915;50,987688;25,154148;24,574166
113,54228;116;224;338;400;502;416,79505;378,79567;143,29658;78,229592;65,009407
109,40171;101;151;341;35908;36268;14,139487;10,248879;10,13529;6,2238288;3,57424
116,08222;127;237;350;446;569;270,79273;116,49227;72,531415;65,553966;62,501618
112,87478;107;236;309;359;577;176,86158;129,09131;78,773031;44,554428;30,155951
125,98425;127;251;464;514;582;322,68362;161,6962;59,825283;46,722108;38,964857
109,77702;124;218;434;542;667;199,84219;148,81535;103,37817;70,432541;23,403109
112,21508;113;225;332;466;581;161,31498;149,68469;63,24064;47,822676;40,601567
110,09174;221;325;384;468;518;551,27176;122,18856;97,153213;73,713704;48,922347
102,83878;102;202;294;408;504;243,51468;88,036582;43,563975;42,568177;34,689213
113,94659;111;223;574;641;826;339,30306;121,00733;75,017119;44,892267;39,095281
98,159509;100;186;285;411;511;211,91599;74,111667;26,580411;14,986466;13,692716
116,01208;231;305;467;594;706;220,27191;65,720794;45,435359;27,593466;17,224829
117,00183;232;344;404;456;577;193,10681;54,917374;41,849457;34,042373;28,310254
101,47992;98;157;232;289;505;161,86401;84,012603;49,867978;18,824734;12,156367
129,20592;132;249;525;575;672;105,95184;74,810534;24,993591;9,625607;7,2989479
107,56303;108;225;325;534;640;207,59775;88,153911;54,96849;45,28979;29,240883
106,66667;99;212;329;442;638;108,04333;65,28379;35,446387;22,892922;17,413996
109,65163;101;177;344;436;510;85,76686;41,475385;21,392149;13,655593;11,902152
103,17034;104;206;300;359;460;90,894001;29,262919;14,872059;10,146436;9,5338399
109,58904;108;166;229;400;450;167,82308;73,52804;56,932887;48,044799;47,308082
82,297471;81;147;259;312;651;119,94522;86,722034;76,937043;48,642577;45,549071
109,21502;113;335;630;851;964;337,76427;56,120833;45,336365;25,127966;17,067337
118,0086;108;158;324;540;590;101,50508;51,616189;23,807775;12,863673;9,1447497
82,758621;249;493;577;652;838;191,36531;83,291092;45,12752;28,72388;19,449966
55,459272;224;338;388;539;630;163,744;79,710825;56,082033;45,04259;30,427599
106,60744;90;229;301;419;535;200,01613;141,67439;61,736651;50,569784;35,895023
101,91083;204;267;409;502;622;613,77582;175,10759;119,5034;80,982105;66,186189
120,45169;113;272;389;454;701;34,272516;16,831261;12,221821;10,675559;10,058249
126,1498;130;184;234;308;388;210,68264;70,166283;51,049938;27,762685;26,601163
114,21773;115;300;449;35690;35763;129,73766;28,770336;12,806697;6,1064032;5,4371005
117,64706;235;349;483;548;598;185,24993;67,616545;35,445267;29,613391;23,411467
113,0742;107;157;207;269;330;42,644483;28,723454;14,866935;9,0611182;5,2298009
113,879;228;281;337;412;516;375,09026;61,300807;58,729663;34,30753;28,478585
108,10811;111;208;261;423;551;448,65586;189,4003;90,734242;70,88549;24,187634
124,03101;138;236;360;494;36667;15,188546;11,288938;6,1865697;4,2219659;3,6740797
71,375465;146;212;271;358;414;54,738563;29,658326;21,103596;17,368811;15,773134
109,83982;116;219;426;748;843;405,17651;299,86275;62,617526;44,552468;26,660964
116,01208;126;219;453;840;929;151,70495;130,87344;78,881968;28,579942;23,540856
106,19469;216;426;527;637;847;88,32635;40,258116;21,790793;12,934561;7,0298225
111,11111;119;211;261;377;435;286,96922;237,1521;90,179923;52,828615;31,227784
119,77542;106;228;367;517;593;72,734933;48,769398;34,935374;20,348949;15,168376
110,02865;90;228;295;456;564;166,63031;132,10985;63,072131;45,227327;45,06588
117,21612;120;235;362;699;916;315,67491;153,70583;110,49486;50,433832;28,444796
115,94203;119;223;273;558;715;34,303705;29,117665;14,164784;10,011553;6,8882603
147,69231;302;420;35875;36069;36406;14,218685;7,9892181;4,8376485;3,9650249;3,7894856
113,60947;107;227;459;563;802;271,88604;255,48717;122,24691;48,297914;44,221224
117,35941;232;485;577;838;1062;172,96873;88,121867;39,955343;24,002402;12,490177
133,1484;119;176;226;301;351;52,262307;48,473579;42,33473;39,822973;33,00226
118,59172;117;176;359;481;705;106,46498;29,496768;19,75615;11,304956;7,005197
111,82295;115;186;236;463;574;442,66486;177,20841;154,21397;96,00391;80,884293
263,73626;262;312;526;576;677;20,824648;11,606987;8,774225;7,8522465;5,342323
116,22276;229;279;466;599;852;219,35868;72,037048;66,711069;26,576422;18,999714
106,01877;209;320;514;593;772;379,98374;154,77326;62,45988;30,485139;27,32541
121,44213;128;192;321;483;581;210,18608;81,801077;51,10644;25,563823;22,390006
118,08118;118;357;476;793;903;213,72557;59,84451;43,776527;17,373582;11,301168
104,40457;110;223;322;398;504;199,71277;107,70738;77,088923;47,530048;43,151538
107,0831;119;199;338;611;733;307,87374;110,5973;76,885845;44,194499;29,403994
112,94118;107;223;339;454;36194;47,371446;30,149095;14,674687;8,3267691;5,6228542
112,80846;114;217;436;603;836;211,21566;129,60981;54,628676;19,621335;16,859869
109,52653;106;233;328;438;537;419,38259;184,93764;74,695616;70,105148;55,408087
111,49826;117;167;325;419;681;77,490739;32,108266;30,595523;16,618987;15,844995
109,40171;209;259;405;542;693;293,04569;126,09687;101,99788;67,313809;40,036541
58,270106;116;170;314;35862;35936;27,135561;15,728737;5,5825129;4,8794392;4,2768308
79,306072;87;153;265;316;35926;27,86731;21,941423;7,3676806;6,587818;4,4754162
109,58904;99;210;330;669;773;234,16496;138,68688;82,946132;51,842415;38,381562
119,25466;128;227;348;473;711;173,79493;106,75491;85,255172;28,411398;25,086493
118,2266;115;232;340;530;668;100,03002;47,350229;20,497475;18,523105;15,903785
120,67882;121;239;362;35705;35871;9,7168364;8,887344;7,2805146;4,7367737;4,5873
116,08222;128;218;338;465;549;153,57093;74,109343;43,218763;32,99183;28,492445
27428,571;138;209;259;360;35992;7,1876475;7,0456414;6,3383004;5,7376527;5,2735891
94,95549;92;224;274;356;406;52,070295;19,530757;14,855697;12,465307;7,8174483
99,020113;201;296;400;489;692;262,15187;225,95159;134,85799;79,564188;64,218543
109,46408;112;211;325;435;700;129,19316;43,93668;40,024487;33,660831;21,308869
129,20592;119;175;225;302;411;143,37735;55,639999;53,20899;48,435878;46,01665
102,78373;108;342;397;596;709;61,699617;13,911457;13,131464;9,4277279;6,4946194
99,533437;103;200;303;396;576;288,55993;250,90439;131,39247;118,41231;35,545213
125,98425;132;224;299;393;601;77,963817;41,061374;19,285096;12,103388;10,813482
116,57559;115;240;290;574;698;112,61345;38,631783;16,533912;15,165908;9,2665067
115,10791;115;231;348;466;516;262,49243;121,3773;54,057509;46,835065;17,835087
106,37119;106;210;414;530;631;386,88289;140,96168;63,53935;34,994117;21,403049
119,03286;115;176;257;337;36346;59,748479;14,387509;10,151082;8,4648656;6,7187583
108,35214;109;181;321;430;766;130,43623;42,6401;42,570191;37,259094;10,644692
115,38462;113;223;273;338;420;45,791275;35,073387;9,7835428;8,8770627;6,0464993
107,26257;107;210;260;353;626;56,848049;27,818795;15,443867;11,643916;8,2764162
102,72873;103;184;395;516;693;184,71276;53,843223;24,307621;14,943148;11,685373
107,26257;91;204;254;523;673;150,05538;127,77956;52,049946;49,681675;35,3475
121,36536;121;237;440;591;702;370,04959;192,89245;58,660085;28,27671;20,180797
105,3787;104;154;225;527;706;210,8392;71,943657;50,271187;42,831054;18,927598
126,39895;125;175;278;368;449;327,68766;87,051227;69,140688;57,560386;43,655747
102,6738;105;215;299;486;609;183,23976;82,638034;39,465247;28,692572;20,274508
109,77702;119;224;321;441;566;350,06447;290,1301;141,04466;66,783921;62,645908
109,02896;107;243;311;424;474;136,70654;34,874225;19,579752;15,95991;8,7832743
113,8115;110;229;279;379;483;108,51262;20,314236;20,031321;18,427968;13,450556
123,87097;121;195;368;505;578;284,20799;72,908013;67,828228;37,261526;27,152161
125,32637;128;242;372;614;36221;99,845603;29,381038;18,280641;10,961809;5,8082446
136,55761;136;280;369;559;614;347,18454;81,405096;60,2354;34,542001;27,442883
134,35969;140;258;316;504;735;233,61116;141,69198;48,79631;38,56688;26,505999
118,0086;118;228;360;475;543;227,08131;74,204508;35,377063;18,847424;14,241833
113,74408;101;235;285;658;736;286,40486;161,5573;64,282214;50,227502;27,859982
109,58904;218;424;542;750;800;360,70302;54,92728;54,822796;35,993374;21,60338
118,95911;113;163;230;474;594;272,45454;104,21421;51,294789;27,268709;22,284211
99,481865;95;152;202;285;435;188,10885;54,029948;48,934651;37,529951;24,406867
104,63215;106;161;227;309;415;480,37094;113,69216;76,391143;69,435239;35,828847
114,14982;113;173;227;277;498;198,47829;83,007398;70,551521;25,34537;21,845754
105,20548;213;318;421;795;900;232,34304;108,15796;71,792186;36,412857;23,892565
77,922078;85;156;227;371;36337;29,007289;25,420271;10,760562;8,6672746;5,2907929
67,605634;130;212;404;463;36200;87,693086;24,243279;12,968605;12,004518;5,9664405
98,918083;88;200;250;300;390;217,6908;129,42608;65,224651;50,19895;37,378678
92,753623;94;144;210;268;360;338,83284;78,195336;73,773076;63,784385;57,937833
101,47992;205;306;412;510;587;420,27125;131,48859;61,659362;45,512507;27,160429
95,28536;98;190;268;361;468;257,2374;116,57271;45,305341;41,599044;31,134941
98,816264;99;190;298;410;36510;53,220863;33,792201;17,090484;7,1080309;5,6743906
93,068347;102;188;238;351;421;288,6662;175,03083;120,00246;85,511598;66,151978
96,774194;100;193;284;488;583;76,548052;61,774237;26,74462;13,187546;11,906707
65,596174;135;247;517;652;911;276,24651;114,75755;90,353051;67,333078;32,891379
129,90528;125;260;411;504;557;65,605469;36,511246;10,381728;7,0925823;5,9538567
108,78187;220;333;435;766;842;362,56709;107,33791;62,468;36,347229;17,866978
56,288478;112;178;235;333;401;269,94083;126,98926;107,18312;62,671803;53,633933
118,37238;106;156;212;265;341;245,29109;92,193235;85,879114;74,1999;57,982936
107,20268;104;156;231;427;742;183,93565;48,973162;34,357751;33,803383;20,866803
89,13649;96;273;512;746;869;165,19152;135,59831;52,379298;23,907089;16,926298
121,28869;124;207;312;396;447;468,55172;139,59304;81,323561;73,65475;65,707611
111,23986;106;219;333;669;767;87,912485;61,012838;29,0299;10,005939;9,4879311
111,88811;226;438;560;652;770;200,63862;108,4146;47,73108;28,362741;19,347211
96,53092;101;192;386;580;644;308,96342;141,90534;81,061167;37,38276;20,178622
109,21502;117;217;433;547;759;181,97637;172,20296;72,725307;35,148667;12,034166
124,83745;125;248;365;444;538;128,54942;69,136402;25,734103;23,330173;15,229743
77,450585;84;139;541;591;836;44,628473;40,595351;23,959983;13,398256;10,406356
115,59302;116;225;363;470;579;81,24804;30,908747;15,615432;10,577788;7,1655825
118,81188;121;239;468;582;1043;156,90697;53,858738;22,023559;18,457963;7,3521234
105,26316;201;309;531;974;1096;168,84041;77,575275;74,059295;14,272742;8,7192992
106,78532;106;209;308;429;538;376,07243;58,307524;48,358685;41,107867;18,84652
105,61056;105;212;425;524;735;291,77819;165,49379;64,239668;28,19735;16,255559
112,14953;113;211;442;550;685;226,00061;68,218336;19,273506;14,555391;9,7146431
114,14982;109;226;476;576;688;372,06104;147,97449;97,940299;47,850798;32,135813
106,25346;213;527;648;731;838;150,31609;47,845551;17,076212;14,424725;10,113597
118,15385;136;223;295;446;545;208,34284;101,4154;71,299169;53,868517;34,00955
107,68368;116;167;226;334;486;277,19352;100,3007;95,50622;86,502657;73,08781
113,67673;113;228;477;539;608;463,74736;324,21165;145,66059;92,72224;50,890472
104,29115;94;206;307;524;586;153,68221;132,86328;64,508648;56,547557;27,978214
110,79054;103;153;203;298;359;51,207056;28,55895;13,136473;9,5704558;5,5309068
117,00183;250;474;566;799;875;106,77736;73,927514;41,881375;17,785815;12,508377
114,55847;106;156;264;314;455;242,63528;114,06864;39,540433;33,211583;29,09048
112,3464;221;451;576;667;793;61,729714;10,937257;8,4772212;7,0381882;5,6677476
75,20564;138;243;305;442;538;219,73918;97,933783;86,414353;50,690471;27,033943
106,48918;212;325;537;620;761;278,72015;75,345184;40,896933;20,766795;19,319937
98,109351;110;200;288;505;685;98,421611;83,471305;46,749034;33,920427;12,544439
101,53358;97;147;205;302;36674;12,392097;9,0046466;7,3313626;6,8902121;4,4855329
81,081081;84;235;644;737;880;136,90076;88,053716;53,884823;38,659502;19,141342
102,18201;203;255;508;561;611;385,06757;148,36003;51,444069;21,865176;20,091744
118,88545;102;152;212;384;732;204,86948;100,91944;71,282778;52,532419;32,471947
99,688474;198;398;496;586;775;344,22481;88,001863;64,901687;43,385668;25,544995
138,72832;138;235;342;462;595;233,06786;74,488654;46,332949;37,52692;33,703348
132,78008;136;237;334;468;573;326,73775;115,55767;49,119439;37,041878;35,863421
112,3464;121;217;333;444;524;298,1138;221,19826;51,786015;40,115155;29,06298
97,116844;86;136;195;245;298;28,148712;17,448286;12,412919;7,9018541;7,1921629
104,51824;93;143;193;36313;36533;28,449336;19,781189;10,849608;4,9122359;4,8401979
59,887711;118;235;326;437;591;274,9166;119,80293;75,492463;67,292188;39,201484
100,47096;105;201;331;398;528;112,27444;107,11562;15,962501;13,213359;9,8914427
104,40457;96;146;300;36593;36910;25,593747;8,9203576;7,6701048;5,2728062;3,1316488
104,12148;98;148;297;419;487;59,685615;18,446128;9,6319626;7,4721846;5,2806492
109,09091;98;148;215;298;374;52,647029;29,509997;12,958374;12,877856;7,1613944
93,294461;99;149;199;249;36333;45,841865;31,894369;19,514998;11,713156;6,0658056
93,795799;87;137;36322;36705;36941;28,854684;8,9240129;4,4652505;3,9974921;2,7762328
107,32253;92;142;301;36418;37033;38,835715;21,241138;10,034702;5,5505426;3,5862835
105,3787;97;147;199;249;36208;47,295913;18,465175;13,109103;7,91601;5,780037
139,23133;135;185;246;452;563;297,88413;77,515381;77,037529;40,777828;34,160323
150,35239;143;193;437;623;876;95,503843;43,332948;26,995245;14,994071;8,5037989
95,143707;81;131;187;318;368;124,46973;63,02871;53,10161;19,810952;16,013535
100,57622;203;305;485;608;668;434,35187;80,136731;45,359261;26,816372;17,0946
102,29089;203;307;401;521;623;555,4177;99,857099;79,134357;42,164576;24,246221
102,5641;202;323;442;510;586;382,41793;95,182816;89,520424;51,896924;38,33541
120;123;188;246;473;580;493,59478;143,08338;136,28326;126,68222;65,073582
117,79141;125;230;384;461;676;417,65395;298,57123;87,315038;63,53943;54,634714
112,67606;223;342;674;784;884;227,81977;72,143298;45,811385;24,380136;10,622232
87,871854;178;339;520;646;714;25,961949;17,613052;14,478109;9,2487098;6,3993236
113,94659;112;204;460;564;819;514,91309;155,13927;79,572914;71,581337;39,272457
107,68368;115;205;324;428;659;391,66887;210,67611;117,55847;96,151166;41,711457
97,313735;99;287;575;664;36420;182,84703;39,119622;21,474805;8,844936;8,2819053
98,411071;100;192;289;505;582;491,48304;260,29188;86,321234;57,714641;56,058209
108,10811;215;313;429;529;579;450,38651;113,26461;88,395335;78,132846;53,218347
111,17545;102;230;313;461;593;85,329234;25,092613;18,568704;17,504482;10,566655
124,43292;114;262;372;433;497;104,67887;39,194649;31,719512;23,792086;20,880439
123,07692;121;232;406;456;910;98,908228;37,929695;14,701729;8,5379261;7,3666097
132,2314;120;298;36295;36487;36976;16,772742;7,8346454;5,539803;4,2458291;3,5563119
116,29316;119;239;319;579;36649;62,681236;52,354009;13,57606;7,2458017;5,1216184
108,72027;108;209;311;370;459;236,23337;169,3648;93,518618;35,692524;33,102154
104,34783;97;205;318;427;627;234,39346;201,57386;105,9232;62,161339;58,061058
29,272755;116;200;500;562;851;212,73245;107,51178;66,533937;41,305074;23,028876
1238,7097;62;303;362;421;36427;6,6303107;6,5551969;4,9113981;4,6192677;4,3469086
93,068347;87;184;234;284;36551;29,02996;17,341842;11,707396;4,6739467;4,2249496
112,80846;97;147;197;300;37058;27,461184;22,57959;10,892425;6,0522722;4,7207378
104,86073;95;145;195;36375;36641;31,335371;21,415309;9,4382941;5,5680035;4,778375
94,441712;93;143;193;298;36956;23,435894;15,999467;9,43121;5,7701809;5,1165792
108,35214;111;231;317;367;433;387,37414;171,6576;160,7448;69,407867;49,864584
115,17696;112;234;286;496;570;164,15777;105,31818;37,55498;24,16404;8,8870711
82,651743;86;136;36303;36386;36451;56,272801;20,728176;6,4818178;5,9194965;4,6885588
115,66265;116;217;333;600;697;88,645091;54,432327;51,477157;30,69754;11,28122
97,610574;95;161;211;299;36565;30,777123;13,708691;9,6593507;7,0764925;5,1180672
93,75;82;140;213;36220;36437;18,693795;10,227178;5,6110935;5,0216294;4,791642
107,32253;107;214;320;426;544;234,39295;88,573461;74,685284;35,797767;20,597789
116,78832;117;240;483;564;794;620,45522;286,43054;169,11221;61,632763;36,098537
107,62332;101;207;299;428;541;230,94025;121,28986;56,221381;51,726272;43,243041
106,96379;107;215;292;441;541;50,799427;33,20392;9,7276559;8,6929098;8,4311462
108,90528;110;213;328;379;433;104,00272;35,350675;19,403592;18,57592;13,850179
115,87206;119;227;319;436;499;442,32207;144,13039;80,191756;62,228129;37,762367
114,21773;230;326;584;713;847;44,141211;20,10144;9,050295;8,1355439;5,851035
93,385214;100;150;35961;36277;36444;15,713048;9,6733701;5,5716121;4,0639931;3,8574655
103,05958;116;166;36012;36246;36397;18,929543;9,8812974;5,4636868;5,1503782;4,1967963
122,44898;110;237;287;337;600;155,66396;94,732527;64,21254;23,956938;9,3237404
125,98425;128;183;251;361;483;291,40191;97,280468;84,863398;47,798768;33,886699
132,78008;132;231;414;575;698;205,63999;54,688818;53,099038;35,123161;22,360755
128,85906;129;252;391;650;756;752,22258;208,48093;147,4687;67,397393;49,616091
147,01378;151;201;280;418;618;180,42837;98,614594;78,939455;58,713098;38,24636
52,387449;105;156;210;261;524;541,61802;190,48626;127,00938;109,64669;93,636147
123,87097;123;230;307;505;557;158,29709;37,369115;36,686215;23,678888;20,842978
